algorithm_name,root_mean_squared_error,r_squared,mean_absolute_error
Linear Regression,0.8607500092154536,0.5689098262437822,0.7410538347259228
Linear Regression,0.8607500092154536,0.5689098262437822,0.7410538347259228
